{"NN_Shape": [3, 3, 3, 3], "Gene_List": ["204439_at", "203153_at", "213797_at"], "Weights": [[[0.2974873483181, -0.2548298239707947, -0.11192598193883896], [0.2709902822971344, -0.5435388088226318, 0.3462469279766083], [-0.11877556145191193, 0.2937234044075012, 0.08026149123907089]], [[0.2108645886182785, -0.2249939739704132, -0.04209389165043831], [-0.05197730287909508, 0.08368343114852905, -0.0023064117413014174], [0.5047003626823425, 0.1796656996011734, -0.21500883996486664]], [[-0.18501102924346924, 0.027644455432891846, 0.34417450428009033], [0.3138110339641571, -0.5643892288208008, 0.35791125893592834], [0.16129080951213837, 0.5476487278938293, 0.38108569383621216]]], "One-Hot_Encoded_Output": {"non-infectious illness": [1, 0, 0], "bacterial": [0, 1, 0], "viral": [0, 0, 1]}, "Biases": [[-0.07069316506385803, 0.16013438999652863, 0.02848171815276146], [-0.3486972451210022, -0.0967729389667511, -0.24903465807437897], [-0.6996095180511475, -0.40311479568481445, -0.2507481575012207]]}