{"NN_Shape": [12, 24, 12, 3], "Gene_List": ["204439_at", "213797_at", "219519_s_at", "207329_at", "212768_s_at", "205569_at", "214059_at", "205844_at", "206177_s_at", "216191_s_at", "219669_at", "216834_at"], "Weights": [[[0.2482845038175583, -0.14503884315490723, -0.17602388560771942, 0.028016846626996994, -0.1900627464056015, 0.12251119315624237, -0.2449975609779358, -0.022245265543460846, 0.021598204970359802, 0.017429785802960396, 0.07801937311887741, -0.00793179590255022], [0.059557292610406876, -0.3416711091995239, -0.05652697756886482, 0.08517932891845703, -0.05567309632897377, 0.018808532506227493, 0.3836369216442108, 0.036367252469062805, -0.15447531640529633, -0.025761742144823074, 0.07062412798404694, -0.009285664185881615], [-0.06434505432844162, -0.032330598682165146, 0.22149716317653656, 0.14069464802742004, -0.27435365319252014, 0.0934266746044159, 0.11964011937379837, 0.3126056492328644, 0.21729114651679993, -0.21280016005039215, -0.20386461913585663, -0.2332390546798706], [0.2319961041212082, -0.04954204335808754, 0.07106783241033554, -0.1746676117181778, 0.2045869529247284, -0.21595972776412964, 0.19572286307811737, -0.06938043236732483, -0.1816481351852417, 0.15264387428760529, -0.1758643537759781, -0.09328281879425049], [-0.06861302256584167, -0.03305751830339432, -0.2876269817352295, -0.16076070070266724, 0.1620345115661621, -0.12946286797523499, 0.2128944844007492, 0.228975310921669, 0.0013443247880786657, -0.28195980191230774, 0.09633185714483261, 0.05130718648433685], [-0.28820696473121643, 0.16612596809864044, 0.03586344048380852, 0.2665402293205261, -0.06939037144184113, 0.09569606184959412, 0.03204512968659401, -0.022077754139900208, -0.19223037362098694, -0.24977754056453705, 0.12535692751407623, -0.10784131288528442], [0.21314281225204468, -0.0037468194495886564, 0.02777797169983387, 0.023058421909809113, 0.05160127952694893, 0.04665987566113472, -0.2726041078567505, 0.3338650166988373, -0.19635123014450073, -0.07357669621706009, 0.01196377258747816, 0.08912190049886703], [0.14514809846878052, -0.17668946087360382, -0.2064691185951233, 0.08645231276750565, 0.17390121519565582, 0.2603708505630493, -0.046439774334430695, -0.27374258637428284, -0.016272209584712982, 0.1322517842054367, -0.16229848563671112, -0.12031447142362595], [0.11521880328655243, 0.019298046827316284, -0.14054188132286072, -0.11179500818252563, 0.2580546438694, -0.08600441366434097, 0.1486024409532547, 0.1177857369184494, -0.18788863718509674, -0.24100361764431, 0.2767127752304077, -0.003643961623311043], [0.25877100229263306, 0.1020534560084343, 0.11888802796602249, 0.19665658473968506, 0.2042524665594101, -0.16480296850204468, 0.06312352418899536, 0.24406331777572632, 0.19599677622318268, 0.1848709136247635, -0.18680259585380554, -0.2254379689693451], [-0.2573859691619873, 0.01756829395890236, 0.30715063214302063, -0.19238696992397308, 0.20439273118972778, -0.09295036643743515, -0.24994875490665436, -0.13487142324447632, 0.09083545953035355, 0.19559451937675476, -0.18808913230895996, 0.05854063108563423], [0.2363436222076416, 0.07092351466417313, 0.20972858369350433, 0.2453034669160843, 0.07970714569091797, -0.05862252041697502, -0.2984049320220947, -0.23734882473945618, -0.07332328706979752, -0.0036922763101756573, -0.09629887342453003, 0.19773775339126587], [-0.09523887187242508, -0.0941384956240654, 0.05190037190914154, 0.055512990802526474, 0.04533341899514198, 0.25123417377471924, -0.040934622287750244, 0.19957076013088226, -0.011098742485046387, -0.054282501339912415, -0.4097076952457428, -0.154532328248024], [-0.052166059613227844, -0.06528171896934509, 0.22420722246170044, -0.1440381109714508, -0.26574209332466125, 0.0423862487077713, 0.12493185698986053, 0.07944657653570175, -0.19455698132514954, 0.0988658219575882, -0.13748836517333984, -0.02582434006035328], [-0.21721868216991425, -0.1498221457004547, -0.12579387426376343, -0.09281982481479645, 0.01203993335366249, 0.06116360425949097, 0.3653656840324402, 0.2222651094198227, 0.2298979014158249, 0.05505499616265297, 0.02625505067408085, 0.2605058550834656], [-0.07606152445077896, 0.008205313235521317, -0.31128233671188354, -0.033196233212947845, -0.18553651869297028, 0.17442433536052704, -0.221377432346344, -0.28415635228157043, -0.01240481436252594, -0.13680855929851532, 0.11064092814922333, -0.09724505245685577], [-0.15050967037677765, 0.08475986868143082, 0.26898059248924255, -0.09446043521165848, 0.13992539048194885, 0.18404515087604523, 0.27369576692581177, -0.21594493091106415, 0.13161462545394897, -0.1989162713289261, 0.2315625697374344, -0.07704528421163559], [0.14932340383529663, 0.0009098524460569024, -0.1266348958015442, 0.054967500269412994, -0.10965470969676971, 0.07180887460708618, 0.03751782700419426, 0.02592005766928196, -0.23543229699134827, 0.29194748401641846, 0.25654399394989014, 0.1711706519126892], [0.16193346679210663, -0.2987251579761505, -0.1257166713476181, 0.19488251209259033, -0.06723356246948242, 0.3640368580818176, -0.3272596299648285, -0.21910874545574188, 0.05091271176934242, -0.15510109066963196, -0.052172549068927765, -0.02790653333067894], [0.18327488005161285, 0.1614629179239273, -0.08473033457994461, -0.17903344333171844, 0.2666010558605194, 0.05588817223906517, -0.010173235088586807, 0.05548696592450142, -0.1942666471004486, 0.4057426452636719, 0.007349417544901371, -0.272293359041214], [-0.24203823506832123, -0.04403448477387428, 0.10704144090414047, 0.009650396183133125, -0.11592687666416168, 0.016750862821936607, -0.2552804946899414, -0.20766030251979828, -0.13659994304180145, 0.26598235964775085, 0.31890857219696045, 0.013841954991221428], [-0.04714762046933174, -0.008861333131790161, 0.11222601681947708, -0.12190579622983932, 0.11146117001771927, 0.06166066229343414, 0.023193931207060814, 0.00398394837975502, 0.18591102957725525, 0.45569097995758057, -0.13501743972301483, 0.19348333775997162], [-0.06884629279375076, -0.15912647545337677, 0.10721515864133835, -0.2553597092628479, 0.2224341779947281, -0.1736239790916443, 0.19308368861675262, 0.046208638697862625, 0.24161744117736816, 0.19736872613430023, -0.05598067119717598, -0.10287869721651077], [-0.22694751620292664, -0.04166831448674202, -0.0440649650990963, -0.14179523289203644, -0.07815579324960709, 0.10053090751171112, 0.26341643929481506, 0.11553007364273071, -0.13267302513122559, -0.03380170091986656, -0.23576530814170837, 0.26366716623306274]], [[-0.1511368602514267, 0.01258715521544218, 0.11337554454803467, -0.1241951659321785, -0.03920749947428703, 0.0629541203379631, 0.21405728161334991, 0.108699269592762, -0.06707944720983505, 0.07138916105031967, -0.020032694563269615, -0.009570802561938763, -0.005695780273526907, -0.01862495206296444, -0.12674498558044434, -0.061732448637485504, -0.18010787665843964, -0.005734872072935104, 0.15780264139175415, 0.07165369391441345, 0.2185346484184265, -0.008706602267920971, 0.000680424040183425, 0.14174248278141022], [-0.12574909627437592, 0.04059027135372162, 0.15673649311065674, 0.007523584179580212, -0.02434852533042431, 0.06186123564839363, -0.20797094702720642, 0.1454222947359085, 0.03435111045837402, -0.04418197646737099, -0.12395761162042618, -0.049531903117895126, -0.23325896263122559, -0.17549771070480347, 0.18226434290409088, 0.022491784766316414, -0.0023864060640335083, -0.016565587371587753, 0.02984520047903061, 0.046625588089227676, 0.07806862145662308, 0.21336980164051056, 0.12652790546417236, 0.10418830811977386], [-0.05615539476275444, -0.2922174334526062, 0.09442147612571716, -0.1297377496957779, 0.06314382702112198, -0.02645876444876194, -0.19162815809249878, -0.045803386718034744, 0.07957179099321365, -0.0014399477513507009, -0.18491247296333313, 0.04807848110795021, 0.02940910868346691, -0.07330579310655594, -0.0010020961053669453, 0.04317634180188179, -0.10928355902433395, 0.10622872412204742, 0.08258987963199615, -0.06352511048316956, 0.11146291345357895, -0.13368801772594452, 0.15817642211914062, -0.02104279212653637], 